Folder_name ,User(s)                   ,Nonfall_index ,Fall_index
   20200525 ,zhangyi                   ,1:22          ,Non
   20200526 ,zhangyi                   ,1:5           ,Non
   20200601 ,bionic                    ,Non           ,1:100
   20200614 ,bionic                    ,Non           ,1:2
   20200623 ,zhangyi                   ,1:3           ,Non
   20200705 ,bionic                    ,Non           ,1:3
   20200706 ,zhangyi                   ,1:5           ,Non
   20200708 ,zhangyi                   ,Non           ,1:2
   20200709 ,"yafei, shengcai, jinlan" ,Non           ,1:2
   20200712 ,yafei                     ,1             ,Non
   20200713 ,"bionic, wanglin"         ,6             ,1:5