task_name,experiment_index,data_shape,room_no_list,person_id_list,activity_list
Background,1,"(157791, 57)",[1],[nan],['background']
Background,19,"(147938, 57)",[1],[nan],['background']
Background,55,"(189885, 57)",[2],[nan],['background']
sitting,3,"(160631, 64)",[1],['One'],['noactivity' 'sit' 'stand']
sitting,7,"(143202, 64)",[1],['Two'],['noactivity' 'sit' 'stand']
sitting,11,"(151834, 64)",[1],['Three'],['noactivity' 'sit' 'stand']
sitting,15,"(142023, 64)",[1],['Four'],['noactivity' 'sit' 'stand']
sitting,21,"(181214, 64)",[1],['Five'],['noactivity' 'sit' 'stand']
sitting,25,"(179547, 64)",[1],['Six'],['noactivity' 'sit' 'stand']
standing_from_chair,3,"(160631, 64)",[1],['One'],['noactivity' 'sit' 'stand']
standing_from_chair,7,"(143202, 64)",[1],['Two'],['noactivity' 'sit' 'stand']
standing_from_chair,11,"(151834, 64)",[1],['Three'],['noactivity' 'sit' 'stand']
standing_from_chair,15,"(142023, 64)",[1],['Four'],['noactivity' 'sit' 'stand']
standing_from_chair,21,"(181214, 64)",[1],['Five'],['noactivity' 'sit' 'stand']
standing_from_chair,25,"(179547, 64)",[1],['Six'],['noactivity' 'sit' 'stand']
lying,4,"(146323, 64)",[1],['One'],['noactivity' 'liedown' 'standfromlie']
lying,8,"(141006, 64)",[1],['Two'],['noactivity' 'liedown' 'standfromlie']
lying,12,"(139759, 64)",[1],['Three'],['noactivity' 'liedown' 'standfromlie']
lying,16,"(140764, 64)",[1],['Four'],['noactivity' 'liedown' 'standfromlie']
lying,22,"(177815, 64)",[1],['Five'],['noactivity' 'liedown' 'standfromlie']
lying,26,"(180891, 64)",[1],['Six'],['noactivity' 'liedown' 'standfromlie']
standing_from_floor,4,"(146323, 64)",[1],['One'],['noactivity' 'liedown' 'standfromlie']
standing_from_floor,8,"(141006, 64)",[1],['Two'],['noactivity' 'liedown' 'standfromlie']
standing_from_floor,12,"(139759, 64)",[1],['Three'],['noactivity' 'liedown' 'standfromlie']
standing_from_floor,16,"(140764, 64)",[1],['Four'],['noactivity' 'liedown' 'standfromlie']
standing_from_floor,22,"(177815, 64)",[1],['Five'],['noactivity' 'liedown' 'standfromlie']
standing_from_floor,26,"(180891, 64)",[1],['Six'],['noactivity' 'liedown' 'standfromlie']
body_rotating,5,"(113276, 64)",[1],['One'],['noactivity' 'bodyrotate']
body_rotating,9,"(146454, 64)",[1],['Two'],['noactivity' 'bodyrotate']
body_rotating,13,"(106390, 64)",[1],['Three'],['noactivity' 'bodyrotate']
body_rotating,17,"(116971, 64)",[1],['Four'],['noactivity' 'bodyrotate']
body_rotating,23,"(136890, 64)",[1],['Five'],['noactivity' 'bodyrotate']
body_rotating,27,"(136043, 64)",[1],['Six'],['noactivity' 'bodyrotate']
random_motion,18,"(340964, 64)",[1],['Three'],['noactivity' 'walk' 'sit' 'stand' 'liedown' 'standfromlie' 'bodyrotate']
random_motion,29,"(549258, 64)",[1],['Three'],['noactivity' 'walk' 'liedown' 'standfromlie' 'sit' 'stand' 'bodyrotate']
random_motion,33,"(540957, 64)",[1],['Five'],['noactivity' 'walk' 'bodyrotate' 'sit' 'stand' 'liedown' 'standfromlie']
orderly_motion,56,"(604782, 64)",[2],['One'],['noactivity' 'walk' 'sit' 'stand' 'liedown' 'standfromlie' 'bodyrotate']
orderly_motion,57,"(619057, 64)",[2],['Seven'],['noactivity' 'walk' 'sit' 'stand' 'liedown' 'standfromlie' 'bodyrotate']
orderly_motion,58,"(591445, 64)",[2],['Two'],['noactivity' 'walk' 'sit' 'stand' 'liedown' 'standfromlie' 'bodyrotate']
orderly_motion,59,"(591969, 64)",[2],['Six'],['noactivity' 'walk' 'sit' 'stand' 'liedown' 'standfromlie' 'bodyrotate']
orderly_motion,60,"(557976, 64)",[2],['Three'],['noactivity' 'walk' 'sit' 'stand' 'liedown' 'standfromlie' 'bodyrotate']
orderly_motion,61,"(498226, 64)",[2],['Five'],['noactivity' 'walk' 'sit' 'stand' 'liedown' 'standfromlie' 'bodyrotate']
crowd_counting,28,"(810796, 72)",[1],['All Six People'],"['noactivity' '6_persons_tag_leftarm' '5_persons_tag_leftarm'
 '4_persons_tag_leftarm' '3_persons_tag_leftarm' '2_persons_tag_leftarm'
 '1_persons_tag_leftarm']"
